mutantNo;[FAIL | TIME | EXC | LIVE]
1;EXC
2;EXC
3;EXC
4;EXC
5;EXC
6;EXC
7;EXC
8;EXC
9;EXC
10;EXC
11;EXC
12;EXC
13;EXC
14;EXC
15;EXC
16;EXC
17;EXC
18;EXC
19;EXC
20;EXC
21;EXC
22;EXC
23;EXC
24;EXC
25;EXC
26;EXC
27;EXC
28;EXC
29;EXC
30;EXC
31;EXC
32;FAIL
33;FAIL
34;EXC
35;EXC
36;FAIL
37;EXC
38;FAIL
39;EXC
40;EXC
41;EXC
42;EXC
43;FAIL
44;EXC
45;EXC
46;FAIL
47;EXC
48;FAIL
49;EXC
50;EXC
51;EXC
52;EXC
53;EXC
54;EXC
55;FAIL
56;FAIL
57;EXC
58;LIVE
59;EXC
60;FAIL
61;FAIL
62;FAIL
63;LIVE
64;FAIL
65;FAIL
66;FAIL
67;EXC
68;LIVE
69;EXC
70;FAIL
71;FAIL
72;FAIL
73;FAIL
74;FAIL
75;FAIL
76;FAIL
77;FAIL
78;FAIL
79;FAIL
80;FAIL
81;FAIL
82;EXC
83;LIVE
84;EXC
85;FAIL
86;FAIL
87;FAIL
88;FAIL
89;LIVE
90;FAIL
91;FAIL
92;FAIL
93;FAIL
94;FAIL
95;FAIL
96;FAIL
97;FAIL
98;FAIL
99;FAIL
100;EXC
101;FAIL
102;FAIL
103;FAIL
104;FAIL
105;FAIL
106;LIVE
107;LIVE
108;EXC
109;FAIL
110;LIVE
111;FAIL
112;TIME
113;EXC
114;EXC
115;FAIL
116;FAIL
117;FAIL
118;FAIL
119;LIVE
120;LIVE
121;EXC
122;EXC
123;LIVE
124;FAIL
125;TIME
126;FAIL
127;EXC
128;FAIL
129;FAIL
130;FAIL
131;FAIL
132;FAIL
133;FAIL
134;FAIL
135;FAIL
136;FAIL
137;FAIL
138;FAIL
139;LIVE
140;LIVE
141;LIVE
142;LIVE
143;FAIL
144;LIVE
145;FAIL
146;FAIL
147;LIVE
148;LIVE
149;FAIL
150;FAIL
151;FAIL
152;LIVE
153;FAIL
154;LIVE
155;LIVE
156;FAIL
157;FAIL
158;FAIL
159;FAIL
160;FAIL
161;FAIL
162;LIVE
163;LIVE
164;LIVE
165;FAIL
166;LIVE
167;FAIL
168;LIVE
169;FAIL
170;FAIL
171;EXC
172;FAIL
173;FAIL
174;FAIL
175;FAIL
176;FAIL
177;FAIL
178;FAIL
179;FAIL
180;LIVE
181;FAIL
182;FAIL
183;FAIL
184;FAIL
185;FAIL
186;FAIL
187;FAIL
188;FAIL
189;FAIL
190;FAIL
191;FAIL
192;FAIL
193;FAIL
194;LIVE
195;LIVE
196;FAIL
197;FAIL
198;FAIL
199;FAIL
200;FAIL
201;FAIL
202;FAIL
203;FAIL
204;FAIL
205;FAIL
206;FAIL
207;LIVE
208;FAIL
209;FAIL
210;FAIL
211;FAIL
212;FAIL
213;FAIL
214;LIVE
215;LIVE
216;EXC
217;FAIL
218;FAIL
219;EXC
220;FAIL
221;FAIL
222;LIVE
223;LIVE
224;FAIL
225;FAIL
226;FAIL
227;FAIL
228;FAIL
229;FAIL
230;FAIL
231;FAIL
232;FAIL
233;FAIL
234;FAIL
235;LIVE
236;FAIL
237;FAIL
238;FAIL
239;FAIL
240;FAIL
241;LIVE
242;FAIL
243;FAIL
244;EXC
245;FAIL
246;FAIL
247;EXC
248;FAIL
249;LIVE
250;FAIL
251;LIVE
252;FAIL
253;FAIL
254;FAIL
255;FAIL
256;FAIL
257;FAIL
258;FAIL
259;FAIL
260;EXC
261;FAIL
262;FAIL
263;EXC
264;FAIL
265;FAIL
266;FAIL
267;LIVE
268;FAIL
269;FAIL
270;FAIL
271;FAIL
272;FAIL
273;FAIL
274;LIVE
275;LIVE
276;EXC
277;FAIL
278;FAIL
279;EXC
280;FAIL
281;FAIL
282;LIVE
283;LIVE
284;FAIL
285;FAIL
286;FAIL
287;FAIL
288;FAIL
289;FAIL
290;FAIL
291;FAIL
292;FAIL
293;FAIL
294;FAIL
295;LIVE
296;FAIL
297;FAIL
298;FAIL
299;FAIL
300;FAIL
301;FAIL
302;FAIL
303;FAIL
304;EXC
305;FAIL
306;FAIL
307;EXC
308;FAIL
309;FAIL
310;FAIL
311;LIVE
312;FAIL
313;FAIL
314;FAIL
315;FAIL
316;FAIL
317;FAIL
318;FAIL
319;FAIL
320;EXC
321;FAIL
322;FAIL
323;EXC
324;FAIL
325;FAIL
326;FAIL
327;LIVE
328;FAIL
329;FAIL
330;FAIL
331;FAIL
332;FAIL
333;LIVE
334;FAIL
335;FAIL
336;EXC
337;FAIL
338;FAIL
339;EXC
340;FAIL
341;LIVE
342;FAIL
343;LIVE
344;FAIL
345;FAIL
346;FAIL
347;FAIL
348;FAIL
349;FAIL
350;FAIL
351;FAIL
352;EXC
353;FAIL
354;FAIL
355;EXC
356;FAIL
357;FAIL
358;FAIL
359;LIVE
360;FAIL
361;FAIL
362;FAIL
363;FAIL
364;FAIL
365;FAIL
366;FAIL
367;FAIL
368;EXC
369;FAIL
370;FAIL
371;EXC
372;FAIL
373;FAIL
374;FAIL
375;LIVE
376;FAIL
377;FAIL
378;FAIL
379;FAIL
380;FAIL
381;FAIL
382;FAIL
383;FAIL
384;EXC
385;FAIL
386;FAIL
387;EXC
388;FAIL
389;FAIL
390;FAIL
391;LIVE
392;FAIL
393;FAIL
394;FAIL
395;FAIL
396;FAIL
397;FAIL
398;LIVE
399;LIVE
400;EXC
401;FAIL
402;FAIL
403;EXC
404;FAIL
405;EXC
406;EXC
407;LIVE
408;LIVE
409;EXC
410;FAIL
411;FAIL
412;LIVE
413;LIVE
414;FAIL
415;FAIL
416;FAIL
417;FAIL
418;FAIL
419;EXC
420;FAIL
421;FAIL
422;EXC
423;FAIL
424;FAIL
425;FAIL
426;FAIL
427;LIVE
428;FAIL
429;LIVE
430;FAIL
431;FAIL
432;FAIL
433;EXC
434;EXC
435;LIVE
436;LIVE
437;EXC
438;FAIL
439;FAIL
440;FAIL
441;FAIL
442;FAIL
443;FAIL
444;LIVE
445;LIVE
446;FAIL
447;EXC
448;FAIL
449;FAIL
450;EXC
451;FAIL
452;FAIL
453;LIVE
454;FAIL
455;FAIL
456;FAIL
457;FAIL
458;FAIL
459;FAIL
460;FAIL
461;FAIL
462;FAIL
463;FAIL
464;FAIL
465;EXC
466;EXC
467;LIVE
468;LIVE
469;EXC
470;FAIL
471;FAIL
472;FAIL
473;FAIL
474;FAIL
475;FAIL
476;LIVE
477;LIVE
478;FAIL
479;EXC
480;FAIL
481;FAIL
482;EXC
483;FAIL
484;FAIL
485;LIVE
486;FAIL
487;FAIL
488;FAIL
489;FAIL
490;FAIL
491;FAIL
492;FAIL
493;FAIL
494;FAIL
495;FAIL
496;FAIL
497;EXC
498;EXC
499;LIVE
500;LIVE
501;EXC
502;FAIL
503;FAIL
504;LIVE
505;LIVE
506;FAIL
507;FAIL
508;FAIL
509;FAIL
510;FAIL
511;EXC
512;FAIL
513;FAIL
514;EXC
515;FAIL
516;FAIL
517;FAIL
518;FAIL
519;LIVE
520;FAIL
521;FAIL
522;FAIL
523;FAIL
524;FAIL
525;EXC
526;FAIL
527;FAIL
528;EXC
529;FAIL
530;FAIL
531;LIVE
532;FAIL
533;LIVE
534;FAIL
535;FAIL
536;FAIL
537;FAIL
538;FAIL
539;EXC
540;FAIL
541;FAIL
542;EXC
543;FAIL
544;FAIL
545;FAIL
546;FAIL
547;LIVE
548;FAIL
549;LIVE
550;FAIL
551;FAIL
552;FAIL
553;EXC
554;EXC
555;LIVE
556;LIVE
557;EXC
558;FAIL
559;FAIL
560;FAIL
561;FAIL
562;FAIL
563;FAIL
564;LIVE
565;LIVE
566;FAIL
567;EXC
568;FAIL
569;FAIL
570;EXC
571;FAIL
572;FAIL
573;FAIL
574;FAIL
575;FAIL
576;FAIL
577;FAIL
578;FAIL
579;FAIL
580;FAIL
581;FAIL
582;FAIL
583;FAIL
584;FAIL
585;EXC
586;FAIL
587;FAIL
588;EXC
589;FAIL
590;FAIL
591;FAIL
592;FAIL
593;FAIL
594;FAIL
595;LIVE
596;FAIL
597;FAIL
598;FAIL
599;FAIL
600;FAIL
601;FAIL
602;FAIL
603;EXC
604;FAIL
605;FAIL
606;EXC
607;FAIL
608;FAIL
609;LIVE
610;FAIL
611;FAIL
612;FAIL
613;FAIL
614;FAIL
615;FAIL
616;FAIL
617;FAIL
618;FAIL
619;FAIL
620;FAIL
621;EXC
622;EXC
623;LIVE
624;LIVE
625;EXC
626;FAIL
627;FAIL
628;FAIL
629;FAIL
630;FAIL
631;FAIL
632;LIVE
633;LIVE
634;FAIL
635;EXC
636;FAIL
637;FAIL
638;EXC
639;FAIL
640;FAIL
641;FAIL
642;FAIL
643;FAIL
644;FAIL
645;FAIL
646;FAIL
647;FAIL
648;FAIL
649;FAIL
650;FAIL
651;FAIL
652;FAIL
653;EXC
654;FAIL
655;FAIL
656;EXC
657;FAIL
658;FAIL
659;FAIL
660;FAIL
661;FAIL
662;FAIL
663;LIVE
664;FAIL
665;FAIL
666;FAIL
667;FAIL
668;FAIL
669;FAIL
670;FAIL
671;EXC
672;FAIL
673;FAIL
674;EXC
675;FAIL
676;FAIL
677;FAIL
678;FAIL
679;FAIL
680;FAIL
681;FAIL
682;FAIL
683;FAIL
684;FAIL
685;FAIL
686;FAIL
687;FAIL
688;FAIL
689;FAIL
690;FAIL
691;FAIL
692;FAIL
693;EXC
694;EXC
695;LIVE
696;LIVE
697;EXC
698;FAIL
699;FAIL
700;LIVE
701;LIVE
702;FAIL
703;FAIL
704;FAIL
705;FAIL
706;FAIL
707;EXC
708;FAIL
709;FAIL
710;EXC
711;FAIL
712;FAIL
713;FAIL
714;FAIL
715;LIVE
716;FAIL
717;FAIL
718;FAIL
719;FAIL
720;FAIL
721;EXC
722;FAIL
723;FAIL
724;EXC
725;FAIL
726;FAIL
727;FAIL
728;FAIL
729;LIVE
730;FAIL
731;FAIL
732;FAIL
733;FAIL
734;FAIL
735;EXC
736;FAIL
737;FAIL
738;EXC
739;FAIL
740;FAIL
741;FAIL
742;FAIL
743;LIVE
744;FAIL
745;FAIL
746;FAIL
747;FAIL
748;FAIL
749;EXC
750;FAIL
751;FAIL
752;EXC
753;FAIL
754;FAIL
755;LIVE
756;FAIL
757;LIVE
758;FAIL
759;FAIL
760;FAIL
761;FAIL
762;FAIL
763;EXC
764;FAIL
765;FAIL
766;EXC
767;FAIL
768;FAIL
769;FAIL
770;FAIL
771;LIVE
772;FAIL
773;FAIL
774;FAIL
775;FAIL
776;FAIL
777;EXC
778;FAIL
779;FAIL
780;EXC
781;FAIL
782;FAIL
783;FAIL
784;FAIL
785;LIVE
786;FAIL
787;FAIL
788;FAIL
789;FAIL
790;FAIL
791;EXC
792;FAIL
793;FAIL
794;EXC
795;FAIL
796;FAIL
797;FAIL
798;FAIL
799;LIVE
800;FAIL
801;FAIL
802;FAIL
803;FAIL
804;FAIL
805;EXC
806;EXC
807;EXC
808;EXC
809;EXC
810;FAIL
811;FAIL
812;FAIL
813;FAIL
814;FAIL
815;FAIL
816;EXC
817;EXC
818;FAIL
819;EXC
820;FAIL
821;FAIL
822;EXC
823;FAIL
824;FAIL
825;FAIL
826;FAIL
827;FAIL
828;FAIL
829;FAIL
830;FAIL
831;FAIL
832;FAIL
833;FAIL
834;FAIL
835;FAIL
836;FAIL
837;EXC
838;FAIL
839;FAIL
840;EXC
841;FAIL
842;FAIL
843;FAIL
844;FAIL
845;FAIL
846;FAIL
847;EXC
848;FAIL
849;FAIL
850;FAIL
851;FAIL
852;FAIL
853;FAIL
854;FAIL
855;EXC
856;FAIL
857;FAIL
858;EXC
859;FAIL
860;FAIL
861;FAIL
862;FAIL
863;FAIL
864;FAIL
865;FAIL
866;FAIL
867;FAIL
868;FAIL
869;FAIL
870;FAIL
871;FAIL
872;FAIL
873;EXC
874;FAIL
875;FAIL
876;EXC
877;FAIL
878;FAIL
879;FAIL
880;FAIL
881;FAIL
882;FAIL
883;FAIL
884;EXC
885;EXC
886;FAIL
887;EXC
888;FAIL
889;FAIL
890;EXC
891;FAIL
892;FAIL
893;FAIL
894;FAIL
895;FAIL
896;FAIL
897;FAIL
898;FAIL
899;FAIL
900;FAIL
901;FAIL
902;FAIL
903;FAIL
904;FAIL
905;EXC
906;FAIL
907;FAIL
908;EXC
909;FAIL
910;FAIL
911;FAIL
912;FAIL
913;FAIL
914;FAIL
915;EXC
916;FAIL
917;FAIL
918;FAIL
919;FAIL
920;FAIL
921;FAIL
922;FAIL
923;EXC
924;FAIL
925;FAIL
926;EXC
927;FAIL
928;FAIL
929;FAIL
930;FAIL
931;FAIL
932;FAIL
933;FAIL
934;FAIL
935;FAIL
936;FAIL
937;FAIL
938;FAIL
939;FAIL
940;FAIL
941;EXC
942;FAIL
943;FAIL
944;FAIL
945;FAIL
946;FAIL
947;FAIL
948;FAIL
949;FAIL
950;FAIL
951;FAIL
952;FAIL
953;FAIL
954;FAIL
955;FAIL
956;LIVE
957;LIVE
958;FAIL
959;FAIL
960;FAIL
961;FAIL
962;FAIL
963;FAIL
964;FAIL
965;FAIL
966;LIVE
967;FAIL
968;LIVE
969;FAIL
970;FAIL
971;EXC
972;FAIL
973;FAIL
974;FAIL
975;FAIL
976;FAIL
977;FAIL
978;EXC
979;EXC
980;FAIL
981;EXC
982;FAIL
983;FAIL
984;FAIL
985;FAIL
986;FAIL
987;FAIL
988;FAIL
989;FAIL
990;FAIL
991;FAIL
992;FAIL
993;FAIL
994;FAIL
995;FAIL
996;FAIL
997;FAIL
998;EXC
999;EXC
1000;FAIL
1001;EXC
1002;FAIL
1003;FAIL
1004;FAIL
1005;FAIL
1006;FAIL
1007;FAIL
1008;FAIL
1009;FAIL
1010;FAIL
1011;FAIL
1012;FAIL
1013;FAIL
1014;LIVE
1015;LIVE
1016;FAIL
1017;FAIL
1018;FAIL
1019;FAIL
1020;FAIL
1021;FAIL
1022;FAIL
1023;FAIL
1024;LIVE
1025;FAIL
1026;FAIL
1027;FAIL
1028;FAIL
1029;FAIL
1030;FAIL
1031;LIVE
1032;FAIL
1033;LIVE
1034;FAIL
1035;FAIL
1036;FAIL
1037;FAIL
1038;FAIL
1039;FAIL
1040;FAIL
1041;FAIL
1042;LIVE
1043;FAIL
1044;LIVE
1045;FAIL
1046;FAIL
1047;EXC
1048;FAIL
1049;FAIL
1050;FAIL
1051;FAIL
1052;FAIL
1053;FAIL
1054;EXC
1055;EXC
1056;FAIL
1057;FAIL
1058;FAIL
1059;FAIL
1060;FAIL
1061;FAIL
1062;FAIL
1063;FAIL
1064;FAIL
1065;FAIL
1066;FAIL
1067;FAIL
1068;FAIL
1069;FAIL
1070;FAIL
1071;FAIL
1072;FAIL
1073;EXC
1074;FAIL
1075;FAIL
1076;FAIL
1077;FAIL
1078;FAIL
1079;FAIL
1080;FAIL
1081;EXC
1082;FAIL
1083;FAIL
1084;FAIL
1085;FAIL
1086;FAIL
1087;FAIL
1088;FAIL
1089;FAIL
1090;FAIL
1091;FAIL
1092;FAIL
1093;FAIL
1094;FAIL
1095;FAIL
1096;FAIL
1097;FAIL
1098;LIVE
1099;LIVE
1100;FAIL
1101;FAIL
1102;FAIL
1103;FAIL
1104;FAIL
1105;FAIL
1106;FAIL
1107;FAIL
1108;FAIL
1109;FAIL
1110;FAIL
1111;FAIL
1112;FAIL
1113;FAIL
1114;FAIL
1115;FAIL
1116;FAIL
1117;LIVE
1118;FAIL
1119;FAIL
1120;FAIL
1121;FAIL
1122;FAIL
1123;FAIL
1124;FAIL
1125;FAIL
1126;FAIL
1127;FAIL
1128;FAIL
1129;FAIL
1130;FAIL
1131;FAIL
1132;FAIL
1133;FAIL
1134;FAIL
1135;FAIL
1136;FAIL
1137;FAIL
1138;FAIL
1139;FAIL
1140;FAIL
1141;FAIL
1142;LIVE
1143;LIVE
1144;FAIL
1145;FAIL
1146;FAIL
1147;FAIL
1148;FAIL
1149;FAIL
1150;FAIL
1151;FAIL
1152;LIVE
1153;FAIL
1154;FAIL
1155;FAIL
1156;FAIL
1157;FAIL
1158;FAIL
1159;FAIL
1160;FAIL
1161;LIVE
1162;FAIL
1163;FAIL
1164;FAIL
1165;FAIL
1166;FAIL
1167;FAIL
1168;FAIL
1169;FAIL
1170;LIVE
1171;FAIL
1172;FAIL
1173;FAIL
1174;FAIL
1175;FAIL
1176;FAIL
1177;LIVE
1178;FAIL
1179;LIVE
1180;FAIL
1181;FAIL
1182;FAIL
1183;FAIL
1184;FAIL
1185;FAIL
1186;FAIL
1187;FAIL
1188;LIVE
1189;FAIL
1190;FAIL
1191;FAIL
1192;FAIL
1193;FAIL
1194;FAIL
1195;FAIL
1196;FAIL
1197;LIVE
1198;FAIL
1199;FAIL
1200;FAIL
1201;FAIL
1202;FAIL
1203;FAIL
1204;FAIL
1205;FAIL
1206;LIVE
1207;FAIL
1208;LIVE
1209;FAIL
1210;FAIL
1211;EXC
1212;EXC
1213;EXC
1214;FAIL
1215;EXC
1216;FAIL
1217;FAIL
1218;EXC
1219;EXC
1220;FAIL
1221;EXC
1222;EXC
1223;EXC
1224;EXC
1225;EXC
1226;EXC
1227;EXC
1228;EXC
1229;FAIL
1235;EXC
1236;FAIL
1237;LIVE
1238;FAIL
1239;FAIL
1240;FAIL
1241;FAIL
1242;FAIL
1243;EXC
1244;FAIL
1245;EXC
1246;FAIL
1247;FAIL
1248;TIME
1249;EXC
1250;LIVE
1251;LIVE
1252;LIVE
1253;FAIL
1254;FAIL
1255;FAIL
1256;FAIL
1257;EXC
1258;FAIL
1259;LIVE
1260;FAIL
1261;EXC
1262;FAIL
1263;EXC
1264;FAIL
1265;FAIL
1266;EXC
1267;LIVE
1268;LIVE
1269;TIME
1270;FAIL
1271;FAIL
1272;TIME
1273;FAIL
1274;TIME
1275;FAIL
1276;EXC
1277;FAIL
1278;EXC
1279;TIME
1281;FAIL
1282;FAIL
1283;FAIL
1284;FAIL
1285;FAIL
1286;FAIL
1287;FAIL
1288;FAIL
1289;FAIL
1290;FAIL
1291;LIVE
1329;EXC
1330;LIVE
1331;EXC
1332;LIVE
1333;LIVE
1339;LIVE
1340;LIVE
1341;EXC
1342;LIVE
1348;LIVE
1349;LIVE
1350;EXC
1351;LIVE
1357;LIVE
1358;LIVE
1359;EXC
1360;LIVE
1366;LIVE
1367;LIVE
1368;EXC
1369;LIVE
1375;LIVE
1376;LIVE
1377;EXC
1378;LIVE
1384;LIVE
1385;LIVE
1386;EXC
1387;LIVE
1388;EXC
1389;EXC
1390;LIVE
1391;LIVE
1392;EXC
1393;LIVE
1394;LIVE
1395;LIVE
1396;LIVE
1397;LIVE
1398;LIVE
1401;EXC
1402;FAIL
1403;FAIL
1404;FAIL
1405;FAIL
1406;LIVE
1408;FAIL
1409;LIVE
1410;EXC
1411;LIVE
1412;EXC
1413;FAIL
1414;FAIL
1415;EXC
1416;FAIL
1417;LIVE
1418;FAIL
1419;EXC
1420;FAIL
1421;FAIL
1422;EXC
1423;EXC
1424;EXC
1425;EXC
1426;EXC
1427;EXC
1428;EXC
1429;LIVE
1430;EXC
1431;EXC
1432;LIVE
1433;EXC
1434;LIVE
1435;LIVE
1436;LIVE
1437;LIVE
1438;EXC
1439;LIVE
1440;LIVE
1441;LIVE
1442;LIVE
1443;EXC
1444;EXC
1445;EXC
1446;EXC
1447;EXC
1448;EXC
1449;EXC
1450;EXC
1451;EXC
1452;EXC
1453;EXC
1454;FAIL
1455;FAIL
1456;EXC
1457;FAIL
1458;FAIL
1459;FAIL
1460;EXC
1461;EXC
1462;TIME
1463;LIVE
1464;EXC
1465;EXC
1466;LIVE
1467;EXC
1468;EXC
1469;EXC
1470;EXC
1471;EXC
1472;EXC
1473;EXC
1474;LIVE
1475;EXC
1476;FAIL
1477;LIVE
1478;EXC
1479;FAIL
1480;EXC
1481;LIVE
1482;EXC
1483;LIVE
1484;LIVE
1485;EXC
1486;LIVE
1487;EXC
1488;TIME
1489;LIVE
1490;LIVE
1491;EXC
1492;LIVE
1493;LIVE
1494;LIVE
1495;EXC
1496;LIVE
1497;EXC
1498;EXC
1499;EXC
1500;LIVE
1501;EXC
1502;EXC
1503;LIVE
1504;EXC
1505;LIVE
1506;LIVE
1507;LIVE
1508;EXC
1509;EXC
1510;EXC
1511;FAIL
1512;LIVE
1513;EXC
1514;FAIL
1515;LIVE
1516;LIVE
1517;LIVE
1518;LIVE
1519;LIVE
1520;LIVE
1521;EXC
1522;EXC
1523;LIVE
1524;EXC
1525;LIVE
1526;EXC
1527;EXC
1528;LIVE
1529;LIVE
1530;EXC
1531;EXC
1532;LIVE
1533;EXC
1534;EXC
1535;EXC
1536;EXC
1537;EXC
1538;EXC
1539;LIVE
1540;LIVE
1541;EXC
1542;EXC
1543;EXC
1544;LIVE
1545;EXC
1546;EXC
1547;EXC
1548;EXC
1549;EXC
1550;LIVE
1551;FAIL
1552;EXC
1553;EXC
1554;EXC
1555;LIVE
1556;EXC
1557;FAIL
1558;FAIL
1559;LIVE
1560;FAIL
1561;EXC
1562;LIVE
1563;FAIL
1564;LIVE
1565;EXC
1566;EXC
1567;LIVE
1568;LIVE
1569;EXC
1570;EXC
1571;EXC
1572;LIVE
1573;EXC
1574;EXC
1575;EXC
1576;LIVE
1577;EXC
1578;EXC
1579;LIVE
1580;LIVE
1581;EXC
1582;LIVE
1583;EXC
1584;LIVE
1585;LIVE
1586;LIVE
1587;LIVE
1588;LIVE
1589;LIVE
1590;FAIL
1591;EXC
1596;EXC
1597;EXC
1598;EXC
1599;EXC
1600;EXC
1601;EXC
1602;EXC
1603;EXC
1604;EXC
1611;EXC
1612;EXC
1613;EXC
1614;EXC
1615;EXC
1616;EXC
1617;EXC
1648;EXC
1650;LIVE
1651;FAIL
1652;FAIL
1653;FAIL
1654;FAIL
1655;FAIL
1656;LIVE
1657;EXC
1658;FAIL
1659;FAIL
1660;EXC
1661;EXC
1668;EXC
1669;EXC
1670;LIVE
1671;EXC
1672;EXC
1673;EXC
1952;EXC
1954;EXC
1956;EXC
1957;EXC
1959;LIVE
1960;FAIL
1961;EXC
1962;FAIL
1963;LIVE
1964;FAIL
1965;LIVE
1966;FAIL
1967;FAIL
1968;EXC
1969;FAIL
1970;LIVE
1971;LIVE
1972;LIVE
1973;LIVE
1974;LIVE
1975;LIVE
1976;LIVE
1977;LIVE
1978;LIVE
1979;TIME
1980;LIVE
1981;LIVE
1982;LIVE
1983;LIVE
1984;LIVE
1985;LIVE
1986;LIVE
1987;LIVE
1991;EXC
1992;LIVE
1993;LIVE
1998;FAIL
1999;LIVE
2000;LIVE
2005;LIVE
2006;FAIL
2012;LIVE
2013;FAIL
2020;LIVE
2021;EXC
2023;LIVE
2024;EXC
2028;FAIL
2029;FAIL
2030;LIVE
2031;LIVE
2035;TIME
2036;TIME
2037;EXC
2047;EXC
2048;EXC
2049;LIVE
2050;EXC
2053;LIVE
2056;LIVE
2057;LIVE
2058;LIVE
2059;FAIL
2060;LIVE
2061;LIVE
2062;LIVE
2063;LIVE
2064;LIVE
2067;EXC
2068;EXC
2069;EXC
2070;FAIL
2071;FAIL
2072;FAIL
2073;FAIL
2128;FAIL
2130;FAIL
2131;FAIL
2132;FAIL
2133;EXC
2134;FAIL
2135;FAIL
2136;FAIL
2137;FAIL
2138;EXC
2139;EXC
2140;FAIL
2141;LIVE
2142;EXC
2143;FAIL
2144;FAIL
2145;FAIL
2146;EXC
2147;LIVE
2148;EXC
2149;FAIL
2150;EXC
2151;FAIL
2152;EXC
2153;LIVE
2154;LIVE
2155;EXC
2156;FAIL
2157;FAIL
2158;FAIL
2159;FAIL
2160;FAIL
2161;FAIL
2162;EXC
2163;FAIL
2164;EXC
2165;EXC
2166;FAIL
2167;LIVE
2168;FAIL
2169;FAIL
2170;EXC
2171;FAIL
2172;FAIL
2173;FAIL
2174;FAIL
2175;EXC
2176;EXC
2177;EXC
2178;LIVE
2179;FAIL
2180;EXC
2181;EXC
2182;FAIL
2183;EXC
2184;EXC
2185;FAIL
2186;EXC
2187;EXC
2188;EXC
2189;EXC
2190;EXC
2191;EXC
2192;FAIL
2193;EXC
2194;FAIL
2195;EXC
2196;FAIL
2197;LIVE
2198;FAIL
2199;FAIL
2200;FAIL
2201;EXC
2202;LIVE
2203;EXC
2204;FAIL
2205;FAIL
2206;FAIL
2207;FAIL
2208;FAIL
2209;FAIL
2210;FAIL
2211;FAIL
2212;FAIL
2213;FAIL
2214;FAIL
2215;FAIL
2216;FAIL
2217;FAIL
2218;FAIL
2219;LIVE
2220;EXC
2221;EXC
2222;LIVE
2223;EXC
2224;LIVE
2225;EXC
2226;FAIL
2227;FAIL
2228;FAIL
2229;FAIL
2230;FAIL
2231;FAIL
2232;FAIL
2233;FAIL
2234;LIVE
2235;EXC
2236;EXC
2237;FAIL
2238;FAIL
2239;TIME
2240;LIVE
2241;FAIL
2242;FAIL
2243;FAIL
2244;FAIL
2245;FAIL
2246;FAIL
2247;FAIL
2248;FAIL
2249;FAIL
2250;FAIL
2251;FAIL
2252;FAIL
2253;FAIL
2254;FAIL
2255;FAIL
2256;FAIL
2257;LIVE
2258;EXC
2259;EXC
2260;LIVE
2261;EXC
2262;LIVE
2263;EXC
2264;LIVE
2265;FAIL
2266;FAIL
2267;FAIL
2268;FAIL
2269;FAIL
2270;FAIL
2271;FAIL
2272;FAIL
2273;FAIL
2274;LIVE
2275;FAIL
2276;FAIL
2277;FAIL
2278;FAIL
2279;FAIL
2280;FAIL
2281;FAIL
2282;FAIL
2283;FAIL
2284;FAIL
2285;FAIL
2286;FAIL
2287;FAIL
2288;FAIL
2289;EXC
2290;EXC
2291;EXC
2292;FAIL
2293;FAIL
2294;EXC
2295;FAIL
2296;FAIL
2297;FAIL
2298;LIVE
2299;FAIL
2300;FAIL
2301;FAIL
2302;FAIL
2303;FAIL
2304;FAIL
2305;FAIL
2306;LIVE
2307;FAIL
2308;FAIL
2309;FAIL
2310;FAIL
2311;FAIL
2312;FAIL
2313;EXC
2314;EXC
2315;EXC
2316;EXC
2317;EXC
2318;EXC
2319;LIVE
2320;FAIL
2321;EXC
2322;FAIL
2323;FAIL
2324;FAIL
2325;EXC
2326;FAIL
2327;FAIL
2328;FAIL
2329;LIVE
2330;FAIL
2331;EXC
2332;FAIL
2333;EXC
2334;FAIL
2335;FAIL
2336;FAIL
2337;FAIL
2338;FAIL
2339;LIVE
2340;EXC
2341;LIVE
2342;FAIL
2343;EXC
2344;EXC
2345;EXC
2346;LIVE
2347;FAIL
2348;FAIL
2349;FAIL
2350;FAIL
2351;FAIL
2352;FAIL
2353;FAIL
2354;LIVE
2355;FAIL
2356;FAIL
2357;FAIL
2358;FAIL
2359;FAIL
2360;FAIL
2361;FAIL
2362;FAIL
2363;FAIL
2364;FAIL
2365;LIVE
2366;FAIL
2367;FAIL
2368;EXC
2369;FAIL
2370;EXC
2371;EXC
2372;FAIL
2373;FAIL
2374;LIVE
2375;EXC
2376;FAIL
2377;FAIL
2378;FAIL
2379;FAIL
2380;FAIL
2381;FAIL
2382;FAIL
2383;FAIL
2384;FAIL
2385;FAIL
2386;FAIL
2387;FAIL
2388;FAIL
2389;EXC
2390;EXC
2391;FAIL
2392;FAIL
2393;FAIL
2394;FAIL
2395;FAIL
2396;FAIL
2397;FAIL
2398;LIVE
2399;LIVE
2400;LIVE
2401;LIVE
2402;LIVE
2403;LIVE
2404;LIVE
2405;FAIL
2406;FAIL
2407;FAIL
2408;FAIL
2409;FAIL
2410;FAIL
2411;FAIL
2412;FAIL
2413;FAIL
2414;EXC
2415;EXC
2416;FAIL
2417;FAIL
2418;FAIL
2419;FAIL
2420;FAIL
2421;FAIL
2422;FAIL
2423;FAIL
2424;EXC
2425;FAIL
2426;FAIL
2427;EXC
2428;FAIL
2429;LIVE
2430;LIVE
2431;LIVE
2432;LIVE
2433;LIVE
2434;LIVE
2435;LIVE
2436;LIVE
2437;FAIL
2438;FAIL
2439;FAIL
2440;FAIL
2441;FAIL
2442;FAIL
2443;FAIL
2444;LIVE
2445;LIVE
2446;FAIL
2447;LIVE
2448;FAIL
2449;LIVE
2450;LIVE
2451;FAIL
2452;FAIL
2453;FAIL
2454;EXC
2455;FAIL
2456;FAIL
2457;LIVE
2458;LIVE
2459;FAIL
2460;EXC
2461;FAIL
2462;LIVE
2463;LIVE
2464;EXC
2465;EXC
2466;EXC
2467;EXC
2468;EXC
2469;EXC
2470;LIVE
2471;LIVE
2472;EXC
2473;LIVE
2474;FAIL
2475;FAIL
2476;EXC
2477;FAIL
2478;FAIL
2479;LIVE
2480;LIVE
2481;FAIL
2482;EXC
2483;FAIL
2484;EXC
2485;LIVE
2486;FAIL
2487;FAIL
2488;LIVE
2489;EXC
2490;FAIL
2491;LIVE
2492;LIVE
2493;LIVE
2494;FAIL
2495;FAIL
2496;EXC
2497;FAIL
2498;LIVE
2499;FAIL
2500;FAIL
2501;EXC
2502;FAIL
2503;FAIL
2504;FAIL
2505;FAIL
2506;FAIL
2507;EXC
2508;FAIL
2509;FAIL
2510;FAIL
2511;FAIL
2512;FAIL
2513;FAIL
2514;FAIL
2515;LIVE
2516;FAIL
2517;FAIL
2518;LIVE
2519;FAIL
2520;FAIL
2521;LIVE
2522;FAIL
2523;FAIL
2524;EXC
2525;FAIL
2526;EXC
2527;LIVE
2528;FAIL
2529;EXC
2530;EXC
2531;EXC
2532;LIVE
2533;EXC
2534;EXC
2535;EXC
2536;LIVE
2537;FAIL
2538;LIVE
2540;LIVE
2542;LIVE
2543;FAIL
2544;EXC
2545;FAIL
2546;LIVE
2547;LIVE
2548;FAIL
2549;LIVE
2550;EXC
2551;LIVE
2552;EXC
2553;FAIL
2554;EXC
2555;FAIL
2556;LIVE
2557;LIVE
2558;FAIL
2559;LIVE
2560;EXC
2561;LIVE
2562;EXC
2563;FAIL
2564;LIVE
2565;LIVE
2566;FAIL
2567;FAIL
2568;FAIL
2569;EXC
2570;FAIL
2571;FAIL
2572;FAIL
2573;EXC
2574;LIVE
2575;FAIL
2576;EXC
2577;EXC
2578;EXC
2579;FAIL
2580;FAIL
2581;EXC
2582;EXC
2583;FAIL
2584;FAIL
2585;FAIL
2586;FAIL
2587;LIVE
2588;FAIL
2589;FAIL
2590;FAIL
2591;FAIL
2592;FAIL
2593;LIVE
2594;LIVE
2595;LIVE
2596;LIVE
2597;FAIL
2598;FAIL
2599;FAIL
2600;FAIL
2601;FAIL
2602;FAIL
2603;FAIL
2604;FAIL
2605;LIVE
2606;FAIL
2607;FAIL
2608;FAIL
2609;FAIL
2610;LIVE
2611;FAIL
2612;FAIL
2613;FAIL
2614;FAIL
2615;FAIL
2616;FAIL
2617;FAIL
2618;FAIL
2619;LIVE
2620;FAIL
2621;FAIL
2622;FAIL
2623;FAIL
2624;LIVE
2625;LIVE
2626;FAIL
2627;FAIL
2628;FAIL
2629;FAIL
2630;FAIL
2631;FAIL
2632;FAIL
2633;FAIL
2634;LIVE
2635;FAIL
2636;FAIL
2637;EXC
2638;FAIL
2639;EXC
2640;EXC
2641;EXC
2642;LIVE
2643;FAIL
2644;EXC
2645;FAIL
2646;EXC
2647;FAIL
2648;FAIL
2649;FAIL
2650;FAIL
2651;EXC
2652;FAIL
2653;EXC
2654;FAIL
2655;FAIL
2656;EXC
2657;EXC
2658;LIVE
2659;FAIL
2660;LIVE
2661;EXC
2662;LIVE
2663;LIVE
2664;EXC
2665;LIVE
2666;FAIL
2667;FAIL
2668;FAIL
2669;FAIL
2670;FAIL
2671;FAIL
2672;FAIL
2673;FAIL
2674;FAIL
2675;FAIL
2676;FAIL
2677;LIVE
2678;FAIL
2679;FAIL
2680;FAIL
2681;FAIL
2682;LIVE
2683;FAIL
2684;FAIL
2685;FAIL
2686;FAIL
2687;FAIL
2688;FAIL
2689;FAIL
2690;FAIL
2691;FAIL
2692;FAIL
2693;FAIL
2694;LIVE
2695;FAIL
2696;FAIL
2697;FAIL
2698;FAIL
2699;FAIL
2700;FAIL
2701;FAIL
2702;FAIL
2703;LIVE
2704;FAIL
2705;FAIL
2706;FAIL
2707;FAIL
2708;FAIL
2709;LIVE
2710;FAIL
2711;FAIL
2712;FAIL
2713;FAIL
2714;LIVE
2715;LIVE
2716;FAIL
2717;FAIL
2718;FAIL
2719;FAIL
2720;FAIL
2721;FAIL
2722;FAIL
2723;FAIL
2724;FAIL
2725;FAIL
2726;EXC
2727;EXC
2728;FAIL
2729;FAIL
2730;EXC
2731;FAIL
2732;EXC
2733;FAIL
2734;EXC
2735;EXC
2736;LIVE
2737;FAIL
2738;EXC
2739;FAIL
2740;FAIL
2741;EXC
2742;FAIL
2743;FAIL
2744;EXC
2745;FAIL
2746;LIVE
2747;FAIL
2748;FAIL
2749;FAIL
2750;LIVE
2751;FAIL
2752;EXC
2753;FAIL
2754;FAIL
2755;EXC
2756;FAIL
2757;FAIL
2758;EXC
2759;EXC
2760;EXC
2761;FAIL
2762;FAIL
2763;FAIL
2764;FAIL
2765;LIVE
2766;FAIL
2767;FAIL
2768;FAIL
2769;FAIL
2770;FAIL
2771;FAIL
2772;FAIL
2773;FAIL
2774;FAIL
2775;LIVE
2776;LIVE
2777;FAIL
2778;LIVE
2779;LIVE
2780;FAIL
2781;LIVE
2782;LIVE
2783;LIVE
2784;LIVE
2785;LIVE
2786;FAIL
2787;EXC
2788;LIVE
2789;FAIL
2790;EXC
2791;EXC
2792;LIVE
2793;FAIL
2794;FAIL
2795;FAIL
2796;LIVE
2797;FAIL
2798;EXC
2799;FAIL
2800;FAIL
2801;EXC
2802;FAIL
2803;FAIL
2804;EXC
2805;FAIL
2806;FAIL
2807;EXC
2808;EXC
2809;LIVE
2810;EXC
2811;FAIL
2812;LIVE
2813;EXC
2814;FAIL
2815;FAIL
2816;FAIL
2817;EXC
2818;EXC
2819;FAIL
2820;FAIL
2821;EXC
2822;FAIL
2823;FAIL
2824;FAIL
2825;LIVE
2826;FAIL
2827;FAIL
2828;FAIL
2829;EXC
2830;EXC
2831;EXC
2832;EXC
2833;FAIL
2834;EXC
2835;EXC
2836;EXC
2837;FAIL
2838;FAIL
2839;FAIL
2840;FAIL
2841;FAIL
2842;FAIL
2843;FAIL
2844;FAIL
2845;FAIL
2846;LIVE
2847;FAIL
2848;FAIL
2849;LIVE
2850;FAIL
2851;EXC
2852;EXC
2853;EXC
2854;LIVE
2855;FAIL
2856;EXC
2857;FAIL
2858;FAIL
2859;FAIL
2860;FAIL
2861;FAIL
2862;FAIL
2863;LIVE
2864;FAIL
2865;FAIL
2866;FAIL
2867;EXC
2868;EXC
2869;EXC
2870;EXC
2871;EXC
2872;FAIL
2873;LIVE
2874;LIVE
2875;LIVE
2876;LIVE
2877;LIVE
2878;EXC
2879;FAIL
2880;FAIL
2881;EXC
2882;FAIL
2883;FAIL
2884;FAIL
2885;FAIL
2886;LIVE
2887;FAIL
2888;FAIL
2889;EXC
2890;LIVE
2891;LIVE
2892;LIVE
2893;FAIL
2894;LIVE
2895;EXC
2896;LIVE
2897;EXC
2898;FAIL
2899;FAIL
2900;FAIL
2901;FAIL
2902;FAIL
2903;LIVE
2904;FAIL
2905;FAIL
2906;EXC
2907;FAIL
2908;LIVE
2909;LIVE
2910;FAIL
2911;LIVE
2912;EXC
2913;LIVE
2914;EXC
2915;FAIL
2916;FAIL
2917;FAIL
2918;FAIL
2919;FAIL
2920;FAIL
2921;FAIL
2922;FAIL
2923;FAIL
2924;LIVE
2925;FAIL
2926;FAIL
2927;EXC
2928;EXC
2929;LIVE
2930;EXC
2931;FAIL
2932;FAIL
2933;FAIL
2934;FAIL
2935;FAIL
2936;FAIL
2937;FAIL
2938;FAIL
2939;FAIL
2940;FAIL
2941;FAIL
2942;FAIL
2943;FAIL
2944;EXC
2945;EXC
2946;LIVE
2947;EXC
2948;EXC
2949;FAIL
2950;LIVE
2951;LIVE
2952;FAIL
2953;FAIL
2954;FAIL
2955;EXC
2956;FAIL
2957;EXC
2958;TIME
2959;EXC
2960;FAIL
2961;TIME
2962;EXC
2963;LIVE
2964;EXC
2965;TIME
2966;LIVE
2967;EXC
2968;FAIL
2969;FAIL
2970;FAIL
2971;FAIL
2972;FAIL
2973;FAIL
2974;FAIL
2975;FAIL
2976;FAIL
2977;FAIL
2978;FAIL
2979;FAIL
2980;FAIL
2981;FAIL
2982;LIVE
2983;FAIL
2984;FAIL
2985;FAIL
2986;LIVE
2987;FAIL
2988;FAIL
2989;TIME
2990;TIME
2991;TIME
2992;TIME
2993;TIME
2994;TIME
2995;FAIL
2996;LIVE
2997;TIME
2998;FAIL
2999;LIVE
3000;TIME
3001;FAIL
3002;FAIL
3003;FAIL
3004;LIVE
3005;FAIL
3006;FAIL
3007;FAIL
3008;FAIL
3009;FAIL
3010;FAIL
3011;LIVE
3012;LIVE
3013;FAIL
3014;FAIL
3015;LIVE
3016;FAIL
3017;FAIL
3018;FAIL
3019;FAIL
3020;LIVE
3021;FAIL
3022;TIME
3023;LIVE
3024;TIME
3025;FAIL
3026;FAIL
3027;FAIL
3028;FAIL
3029;EXC
3030;FAIL
3031;FAIL
3032;FAIL
3033;FAIL
3034;EXC
3035;FAIL
3036;FAIL
3037;FAIL
3038;FAIL
3039;FAIL
3040;FAIL
3041;FAIL
3042;EXC
3043;EXC
3044;EXC
3045;FAIL
3046;FAIL
3047;FAIL
3048;EXC
3049;FAIL
3050;FAIL
3051;FAIL
3052;FAIL
3053;EXC
3054;FAIL
3055;FAIL
3056;FAIL
3057;FAIL
3058;LIVE
3059;LIVE
3060;LIVE
3061;FAIL
3062;EXC
3063;EXC
3064;FAIL
3065;EXC
3066;EXC
3067;EXC
3068;FAIL
3069;FAIL
3070;FAIL
3071;FAIL
3072;LIVE
3073;FAIL
3074;FAIL
3075;LIVE
3076;EXC
3077;FAIL
3078;FAIL
3079;FAIL
3080;FAIL
3081;EXC
3082;FAIL
3083;FAIL
3084;FAIL
3085;FAIL
3086;FAIL
3087;FAIL
3088;FAIL
3089;FAIL
3090;EXC
3091;FAIL
3092;FAIL
3093;FAIL
3094;FAIL
3095;FAIL
3096;FAIL
3097;FAIL
3098;EXC
3099;FAIL
3100;FAIL
3101;FAIL
3102;EXC
3103;FAIL
3104;EXC
3105;FAIL
3106;EXC
3107;FAIL
3108;EXC
3109;EXC
3110;EXC
3111;EXC
3112;EXC
3113;EXC
3114;EXC
3115;FAIL
3116;EXC
3117;FAIL
3118;EXC
3119;EXC
3120;FAIL
3121;FAIL
3122;FAIL
3123;FAIL
3124;FAIL
3125;FAIL
3126;FAIL
3127;FAIL
3128;FAIL
3129;FAIL
3130;FAIL
3131;EXC
3132;EXC
3133;FAIL
3134;FAIL
3135;FAIL
3136;TIME
3137;FAIL
3138;FAIL
3139;FAIL
3140;FAIL
3141;EXC
3142;FAIL
3143;TIME
3144;FAIL
3145;FAIL
3146;EXC
3147;LIVE
3148;EXC
3149;EXC
3150;LIVE
3151;LIVE
3152;FAIL
3153;EXC
3154;LIVE
3155;FAIL
3156;LIVE
3157;EXC
3158;EXC
3159;EXC
3160;FAIL
3161;FAIL
3162;EXC
3163;LIVE
3164;EXC
3165;TIME
3166;FAIL
3167;FAIL
3168;TIME
3169;EXC
3170;EXC
3171;FAIL
3172;EXC
3173;EXC
3174;FAIL
3175;FAIL
3176;EXC
3177;EXC
3178;EXC
3179;LIVE
3180;FAIL
3181;FAIL
3182;FAIL
3183;EXC
3184;FAIL
3185;FAIL
3186;LIVE
3187;FAIL
3188;FAIL
3189;EXC
3190;EXC
3191;EXC
3192;EXC
3193;FAIL
3194;FAIL
3195;LIVE
3196;EXC
3197;FAIL
3198;FAIL
3199;FAIL
3200;EXC
3201;LIVE
3202;EXC
3203;FAIL
3204;FAIL
3205;EXC
3206;EXC
3207;FAIL
3208;FAIL
3209;FAIL
3210;EXC
3211;EXC
3212;EXC
3213;EXC
3214;FAIL
3215;FAIL
3216;FAIL
3217;FAIL
3218;EXC
3219;EXC
3220;FAIL
3221;FAIL
3222;FAIL
3223;LIVE
3224;FAIL
3225;FAIL
3226;LIVE
3227;FAIL
3228;FAIL
3229;FAIL
3230;FAIL
3231;FAIL
3232;LIVE
3233;FAIL
3234;EXC
3235;FAIL
3236;FAIL
3237;FAIL
3238;FAIL
3239;FAIL
3240;LIVE
3241;FAIL
3242;FAIL
3243;FAIL
3244;FAIL
3245;FAIL
3246;FAIL
3247;FAIL
3248;FAIL
3249;FAIL
3250;FAIL
3251;FAIL
3252;FAIL
3253;FAIL
3254;EXC
3255;FAIL
3256;FAIL
3257;LIVE
3258;EXC
3259;FAIL
3260;FAIL
3261;LIVE
3262;FAIL
3263;EXC
3264;EXC
3265;EXC
3266;FAIL
3267;FAIL
3268;FAIL
3269;FAIL
3270;FAIL
3271;LIVE
3272;EXC
3273;FAIL
3274;FAIL
3275;EXC
3276;FAIL
3277;FAIL
3278;EXC
3279;FAIL
3280;FAIL
3281;LIVE
3282;FAIL
3283;EXC
3284;EXC
3285;EXC
3286;FAIL
3287;FAIL
3288;LIVE
3289;FAIL
3290;FAIL
3291;EXC
3292;FAIL
3293;FAIL
3295;LIVE
3296;FAIL
3297;EXC
3298;FAIL
3299;FAIL
3300;FAIL
3301;LIVE
3302;EXC
3303;LIVE
3304;EXC
3305;LIVE
3306;EXC
3307;FAIL
3308;EXC
3309;LIVE
3310;FAIL
3311;EXC
3312;EXC
3313;EXC
3314;EXC
3315;EXC
3316;FAIL
3317;EXC
3318;LIVE
3319;LIVE
3320;LIVE
3321;FAIL
3322;LIVE
3323;FAIL
3324;EXC
3325;LIVE
3326;TIME
3327;EXC
3328;EXC
3329;TIME
3330;EXC
3331;EXC
3332;EXC
3333;LIVE
3334;LIVE
3335;TIME
3336;EXC
3337;LIVE
3338;FAIL
3339;EXC
3340;EXC
3341;LIVE
3342;LIVE
3343;FAIL
3344;FAIL
3345;FAIL
3346;FAIL
3347;LIVE
3348;TIME
3349;FAIL
3350;FAIL
3351;EXC
3352;FAIL
3353;FAIL
3354;EXC
3355;FAIL
3356;FAIL
3357;EXC
3358;FAIL
3359;FAIL
3360;EXC
3361;FAIL
3362;FAIL
3363;EXC
3364;FAIL
3365;FAIL
3366;EXC
3367;FAIL
3368;FAIL
3369;EXC
3370;FAIL
3371;FAIL
3372;EXC
3373;FAIL
3379;FAIL
3380;EXC
3381;EXC
3382;FAIL
3383;EXC
3384;FAIL
3385;FAIL
3386;EXC
3387;EXC
3388;FAIL
3389;EXC
3390;FAIL
3391;FAIL
3392;FAIL
3393;FAIL
3394;EXC
3395;FAIL
3396;FAIL
3397;FAIL
3398;EXC
3399;EXC
3400;EXC
3401;FAIL
3402;TIME
3403;EXC
3404;EXC
3405;FAIL
3406;FAIL
3407;FAIL
3408;LIVE
3409;LIVE
3410;LIVE
3411;LIVE
3412;FAIL
3415;LIVE
3416;FAIL
3417;FAIL
3418;FAIL
3419;LIVE
3420;LIVE
3421;LIVE
3422;FAIL
3423;LIVE
3424;FAIL
3425;LIVE
3426;LIVE
3427;FAIL
3428;LIVE
3429;FAIL
3430;LIVE
3431;FAIL
3432;FAIL
3433;FAIL
3434;LIVE
3435;TIME
3436;LIVE
3437;TIME
3438;FAIL
3439;EXC
3440;EXC
3441;LIVE
3442;FAIL
3443;LIVE
3444;TIME
3445;FAIL
3446;EXC
3447;FAIL
3448;FAIL
3449;LIVE
3450;FAIL
3451;FAIL
3452;FAIL
3453;LIVE
3454;LIVE
3455;LIVE
3456;LIVE
3457;FAIL
3458;FAIL
3459;FAIL
3460;FAIL
3461;FAIL
3462;FAIL
3463;FAIL
3464;EXC
3465;FAIL
3466;FAIL
3467;FAIL
3468;EXC
3469;EXC
3470;EXC
3471;FAIL
3472;TIME
3473;EXC
3474;EXC
3475;FAIL
3476;FAIL
3477;FAIL
3478;LIVE
3479;LIVE
3480;LIVE
3481;LIVE
3482;FAIL
3485;LIVE
3486;FAIL
3487;FAIL
3488;FAIL
3489;LIVE
3490;LIVE
3491;LIVE
3492;FAIL
3493;LIVE
3494;FAIL
3495;LIVE
3496;LIVE
3497;FAIL
3498;LIVE
3499;FAIL
3500;LIVE
3501;FAIL
3502;FAIL
3503;FAIL
3504;LIVE
3505;TIME
3506;LIVE
3507;TIME
3508;FAIL
3509;FAIL
3510;EXC
3511;LIVE
3512;FAIL
3513;LIVE
3514;TIME
3515;FAIL
3516;EXC
3517;FAIL
3518;FAIL
3519;LIVE
3520;FAIL
3521;FAIL
3522;FAIL
3523;LIVE
3524;LIVE
3525;LIVE
3526;LIVE
3527;FAIL
3528;FAIL
3529;FAIL
3530;FAIL
3531;FAIL
3542;LIVE
3543;FAIL
3544;TIME
3545;FAIL
3546;FAIL
3547;LIVE
3548;FAIL
3549;LIVE
3550;FAIL
3551;FAIL
3552;LIVE
3553;LIVE
3554;EXC
3555;LIVE
3556;LIVE
3557;LIVE
3558;EXC
3559;LIVE
3560;FAIL
3561;EXC
3562;EXC
3563;FAIL
3564;FAIL
3566;EXC
3567;LIVE
3568;EXC
3569;EXC
3570;LIVE
3571;EXC
3572;LIVE
3573;TIME
3574;LIVE
3575;TIME
3576;EXC
3577;EXC
3578;EXC
3579;LIVE
3580;TIME
3581;EXC
3582;LIVE
3583;TIME
3584;EXC
3585;EXC
3586;EXC
3587;FAIL
3588;EXC
3589;EXC
3590;EXC
3591;EXC
3592;EXC
3593;EXC
3594;EXC
3595;LIVE
3596;TIME
3597;LIVE
3598;TIME
3599;EXC
3600;EXC
3601;EXC
3602;LIVE
3603;TIME
3604;EXC
3605;LIVE
3606;TIME
3607;EXC
3608;EXC
3609;EXC
3610;FAIL
3611;EXC
3612;EXC
3613;LIVE
3614;EXC
3615;EXC
3616;LIVE
3617;LIVE
3618;FAIL
3619;EXC
3620;LIVE
3621;FAIL
3622;EXC
3623;EXC
3624;EXC
3625;EXC
3626;EXC
3627;EXC
3628;LIVE
3629;TIME
3630;LIVE
3631;TIME
3632;EXC
3633;LIVE
3634;EXC
3635;EXC
3636;EXC
3637;EXC
3638;FAIL
3639;EXC
3640;EXC
3641;EXC
3642;LIVE
3643;EXC
3644;EXC
3645;EXC
3646;EXC
3647;LIVE
3648;EXC
3651;EXC
3652;EXC
3653;EXC
3654;EXC
3655;EXC
3656;LIVE
3657;TIME
3658;LIVE
3659;TIME
3660;EXC
3661;LIVE
3662;EXC
3663;EXC
3664;EXC
3665;EXC
3666;FAIL
3667;EXC
3668;EXC
3669;EXC
3670;LIVE
3671;EXC
3672;EXC
3673;EXC
3674;EXC
3675;LIVE
3676;EXC
3679;LIVE
3680;FAIL
3681;EXC
3685;LIVE
3686;FAIL
3687;EXC
3691;EXC
3692;EXC
3693;FAIL
3694;EXC
3695;EXC
3696;EXC
3697;FAIL
3698;FAIL
3699;EXC
3700;EXC
3701;EXC
3702;LIVE
3703;LIVE
3704;FAIL
3705;LIVE
3706;FAIL
3707;FAIL
3708;FAIL
3709;FAIL
3710;FAIL
3711;EXC
3712;FAIL
3713;FAIL
3714;FAIL
3715;EXC
3716;FAIL
3717;EXC
3718;EXC
3719;EXC
3720;EXC
3721;EXC
3722;EXC
3723;EXC
3724;FAIL
3725;EXC
3726;FAIL
3727;FAIL
3728;LIVE
3729;FAIL
3730;LIVE
3731;FAIL
3732;LIVE
3733;FAIL
3734;FAIL
3735;LIVE
3736;EXC
3737;LIVE
3738;EXC
3739;LIVE
3740;LIVE
3741;LIVE
3742;LIVE
3743;LIVE
3744;LIVE
3745;LIVE
3746;LIVE
3747;FAIL
3748;FAIL
3749;FAIL
3750;FAIL
3751;FAIL
3752;LIVE
3753;LIVE
3754;FAIL
3755;FAIL
3756;FAIL
3757;FAIL
3758;EXC
3759;FAIL
3760;FAIL
3761;FAIL
3762;FAIL
3763;FAIL
3764;FAIL
3765;FAIL
3766;FAIL
3767;FAIL
3768;FAIL
3769;LIVE
3770;FAIL
3771;LIVE
3772;FAIL
3773;FAIL
3774;FAIL
3775;LIVE
3776;FAIL
3777;FAIL
3778;FAIL
3779;EXC
3780;EXC
3781;EXC
3782;FAIL
3783;FAIL
3784;LIVE
3785;LIVE
3786;LIVE
3787;FAIL
3788;LIVE
3789;FAIL
3790;FAIL
3791;FAIL
3792;FAIL
3793;FAIL
3794;LIVE
3795;LIVE
3796;LIVE
3797;FAIL
3798;LIVE
3799;FAIL
3800;FAIL
3801;FAIL
3802;FAIL
3803;FAIL
3804;FAIL
3805;FAIL
3806;FAIL
3807;FAIL
3808;FAIL
3809;FAIL
3810;FAIL
3811;FAIL
3812;FAIL
3813;FAIL
3814;LIVE
3815;FAIL
3816;LIVE
3817;FAIL
3818;FAIL
3819;FAIL
3820;LIVE
3821;FAIL
3822;FAIL
3823;FAIL
3824;EXC
3825;EXC
3826;EXC
3827;EXC
3828;EXC
3829;EXC
3830;EXC
3831;EXC
3832;EXC
3833;EXC
3834;EXC
3835;EXC
3836;FAIL
3837;FAIL
3838;FAIL
3841;FAIL
3842;FAIL
3843;FAIL
3844;FAIL
3845;FAIL
3846;FAIL
3847;FAIL
3848;FAIL
3849;FAIL
3850;FAIL
3851;EXC
3852;EXC
3853;EXC
3854;EXC
3855;EXC
3856;EXC
3857;EXC
3858;EXC
3859;EXC
3860;EXC
3861;EXC
3862;EXC
3863;EXC
3864;EXC
3865;EXC
3866;EXC
3867;EXC
3868;EXC
3869;EXC
3870;EXC
3871;EXC
3872;EXC
3873;EXC
3874;EXC
3875;EXC
3876;EXC
3877;EXC
3878;EXC
3879;EXC
3880;EXC
3881;EXC
3882;EXC
3883;EXC
3884;EXC
3885;EXC
3886;EXC
3887;EXC
3888;EXC
3889;EXC
3890;FAIL
3891;FAIL
3892;EXC
3893;EXC
3894;EXC
3895;EXC
3896;EXC
3897;EXC
3898;EXC
3899;EXC
3900;EXC
3901;EXC
3902;EXC
3903;EXC
3904;EXC
3905;EXC
3906;EXC
3907;FAIL
3908;EXC
3909;EXC
3910;EXC
3911;FAIL
3912;EXC
3913;FAIL
3914;EXC
3915;EXC
3916;EXC
3917;EXC
3918;EXC
3919;EXC
3920;EXC
3921;EXC
3922;EXC
3923;EXC
3924;EXC
3925;EXC
3926;EXC
3927;EXC
3928;EXC
3929;EXC
3930;EXC
3931;EXC
3932;EXC
3933;EXC
3934;EXC
3935;EXC
3936;EXC
3937;EXC
3938;EXC
3939;EXC
3940;EXC
3941;EXC
3942;EXC
3943;EXC
3944;EXC
3945;EXC
3946;EXC
3947;EXC
3948;EXC
3949;EXC
3950;EXC
3951;EXC
3952;EXC
3953;EXC
3954;EXC
3955;EXC
3956;EXC
3957;EXC
3958;EXC
3959;EXC
3960;EXC
3961;EXC
3962;EXC
3963;EXC
3964;EXC
3965;EXC
3966;EXC
3967;EXC
3968;EXC
3969;EXC
3970;EXC
3971;EXC
3972;EXC
3973;EXC
3974;EXC
3975;EXC
3976;EXC
3977;EXC
3978;EXC
3979;EXC
3980;EXC
3981;EXC
3982;EXC
3983;EXC
3984;EXC
3985;EXC
3986;EXC
3987;EXC
3988;EXC
3989;FAIL
3990;FAIL
3991;FAIL
3992;FAIL
3993;EXC
3994;EXC
3995;EXC
3996;EXC
3997;EXC
3998;EXC
3999;EXC
4000;EXC
4001;EXC
4002;EXC
4003;EXC
4004;EXC
4005;EXC
4006;EXC
4007;EXC
4008;EXC
4009;EXC
4010;EXC
4011;EXC
4012;EXC
4013;EXC
4014;EXC
4015;EXC
4016;EXC
4017;EXC
4018;EXC
4019;EXC
4020;EXC
4021;EXC
4022;EXC
4023;FAIL
4024;FAIL
4025;FAIL
4026;EXC
4027;EXC
4028;FAIL
4029;FAIL
4030;FAIL
4031;FAIL
4032;EXC
4033;EXC
4034;EXC
4035;EXC
4036;EXC
4037;EXC
4038;EXC
4039;EXC
4040;EXC
4041;EXC
4042;EXC
4043;EXC
4044;EXC
4045;EXC
4046;EXC
4047;EXC
4048;EXC
4049;EXC
4050;EXC
4051;EXC
4052;EXC
4053;EXC
4054;EXC
4055;EXC
4056;EXC
4057;EXC
4058;EXC
4059;EXC
4060;EXC
4061;EXC
4062;EXC
4063;EXC
4064;FAIL
4065;FAIL
4066;EXC
4067;EXC
4068;EXC
4069;EXC
4070;EXC
4071;EXC
4072;EXC
4073;EXC
4074;EXC
4075;EXC
4076;EXC
4077;EXC
4078;EXC
4079;EXC
4080;EXC
4081;EXC
4082;EXC
4083;EXC
4084;EXC
4085;EXC
4086;EXC
4087;EXC
4088;EXC
4089;EXC
4090;EXC
4091;EXC
4092;EXC
4093;EXC
4094;EXC
4095;EXC
4096;EXC
4097;EXC
4098;EXC
4099;EXC
4100;EXC
4101;EXC
4102;EXC
4103;EXC
4104;EXC
4105;EXC
4106;EXC
4107;EXC
4108;EXC
4109;EXC
4110;EXC
4111;EXC
4112;EXC
4113;EXC
4114;EXC
4115;EXC
4116;EXC
4117;EXC
4118;EXC
4119;FAIL
4120;FAIL
4121;FAIL
4122;FAIL
4123;EXC
4124;EXC
4125;EXC
4126;EXC
4127;EXC
4128;EXC
4129;EXC
4130;EXC
4131;EXC
4132;EXC
4133;EXC
4134;EXC
4135;EXC
4136;EXC
4137;EXC
4138;EXC
4139;EXC
4140;EXC
4141;EXC
4142;EXC
4143;FAIL
4144;FAIL
4145;EXC
4146;EXC
4147;EXC
4148;EXC
4149;EXC
4150;EXC
4151;EXC
4152;EXC
4153;EXC
4154;EXC
4155;EXC
4156;EXC
4157;EXC
4158;EXC
4159;EXC
4160;EXC
4161;EXC
4162;EXC
4163;EXC
4164;EXC
4165;EXC
4166;EXC
4167;EXC
4168;EXC
4169;EXC
4170;EXC
4171;EXC
4172;EXC
4173;EXC
4174;EXC
4175;EXC
4176;EXC
4177;EXC
4178;EXC
4179;EXC
4180;EXC
4181;EXC
4182;EXC
4183;EXC
4184;EXC
4185;EXC
4186;EXC
4187;EXC
4189;EXC
4190;EXC
4191;EXC
4192;EXC
4193;EXC
4194;EXC
4195;EXC
4196;EXC
4197;EXC
4199;EXC
4200;EXC
4201;EXC
4202;EXC
4203;EXC
4204;EXC
4205;EXC
4206;EXC
4207;EXC
4208;EXC
4209;EXC
4210;EXC
4211;EXC
4212;EXC
4213;EXC
4214;EXC
4215;EXC
4216;EXC
4217;EXC
4218;EXC
4219;EXC
4220;EXC
4221;EXC
4222;EXC
4223;EXC
4224;EXC
4225;EXC
4226;EXC
4227;EXC
4230;EXC
4233;EXC
4234;EXC
4238;EXC
4239;EXC
4246;EXC
4249;EXC
4250;EXC
4251;EXC
4252;EXC
4256;EXC
4257;EXC
4258;EXC
4259;EXC
4260;EXC
4261;EXC
4262;EXC
4263;EXC
4264;EXC
4265;EXC
4266;EXC
4267;EXC
4268;EXC
4269;EXC
4270;EXC
4271;EXC
4272;EXC
4273;EXC
4274;EXC
4275;EXC
4276;EXC
4277;EXC
4278;EXC
4285;EXC
4286;EXC
4287;EXC
4288;EXC
4289;EXC
4290;EXC
4291;EXC
4292;EXC
4293;EXC
4294;EXC
4295;EXC
4296;EXC
4297;EXC
4298;EXC
4299;EXC
4300;EXC
4301;EXC
4302;EXC
4303;EXC
4304;EXC
4305;EXC
4306;EXC
4307;EXC
4308;EXC
4309;EXC
4310;EXC
4311;EXC
4312;EXC
4313;EXC
4314;EXC
4315;EXC
4316;EXC
4317;EXC
4318;EXC
4319;EXC
4320;EXC
4321;EXC
4322;EXC
4323;EXC
4324;EXC
4325;EXC
4326;EXC
4327;EXC
4328;EXC
4329;EXC
4330;EXC
4331;EXC
4332;EXC
4333;EXC
4334;EXC
4335;EXC
4336;EXC
4337;EXC
4338;EXC
4339;EXC
4340;EXC
4341;EXC
4342;EXC
4343;EXC
4344;EXC
4345;EXC
4346;EXC
4347;EXC
4348;EXC
4349;EXC
4350;EXC
4351;EXC
4352;EXC
4353;EXC
4354;EXC
4355;EXC
4356;EXC
4357;EXC
4358;EXC
4359;EXC
4360;EXC
4361;EXC
4362;EXC
4363;EXC
4364;EXC
4365;EXC
4366;EXC
4367;EXC
4368;EXC
4369;EXC
4370;EXC
4371;EXC
4372;EXC
4373;EXC
4374;EXC
4375;EXC
4376;EXC
4379;EXC
4380;EXC
4381;EXC
4382;EXC
4383;EXC
4399;EXC
4400;EXC
4401;EXC
4402;EXC
4403;EXC
4404;EXC
4405;EXC
4406;EXC
4407;EXC
4408;EXC
4409;EXC
4410;EXC
4411;EXC
4412;EXC
4413;EXC
4414;EXC
4415;EXC
4416;EXC
4417;EXC
4418;EXC
4419;EXC
4420;EXC
4421;EXC
4422;EXC
4423;EXC
4424;EXC
4425;EXC
4426;EXC
4427;EXC
4428;EXC
4429;EXC
4430;EXC
4431;EXC
4432;EXC
4433;EXC
4434;EXC
4435;EXC
4436;EXC
4437;EXC
4438;EXC
4439;EXC
4440;EXC
4441;EXC
4442;EXC
4443;EXC
4444;EXC
4445;EXC
4446;EXC
4447;EXC
4448;EXC
4449;EXC
4450;EXC
4451;EXC
4452;EXC
4453;EXC
4483;EXC
4484;EXC
4485;EXC
4488;EXC
4489;EXC
4490;EXC
4491;EXC
4493;EXC
4494;EXC
4495;EXC
4496;EXC
4497;EXC
4498;EXC
4499;EXC
4500;EXC
4501;EXC
4502;EXC
4503;EXC
4504;EXC
4505;EXC
4506;EXC
4507;EXC
4508;EXC
4509;EXC
4510;EXC
4511;EXC
4512;EXC
4513;EXC
4514;EXC
4515;EXC
4516;EXC
4517;EXC
4518;EXC
4519;EXC
4520;EXC
4521;EXC
4522;EXC
4523;EXC
4524;EXC
4525;EXC
4526;EXC
4527;EXC
4528;EXC
4529;EXC
4530;EXC
4531;EXC
4532;EXC
4533;EXC
4534;EXC
4535;EXC
4536;EXC
4537;EXC
4538;EXC
4539;EXC
4540;EXC
4541;EXC
4542;EXC
4543;EXC
4544;EXC
4545;EXC
4546;EXC
4547;EXC
4548;EXC
4549;EXC
4550;EXC
4551;EXC
4552;EXC
4555;EXC
4556;EXC
4557;EXC
4558;EXC
4559;EXC
4560;EXC
4561;EXC
4562;EXC
4563;EXC
4564;EXC
4565;EXC
4566;EXC
4567;EXC
4570;EXC
4571;EXC
4572;EXC
4573;EXC
4574;EXC
4575;EXC
4576;EXC
4577;EXC
4578;EXC
4579;EXC
4580;EXC
4581;EXC
4582;EXC
4583;EXC
4584;EXC
4585;EXC
4586;EXC
4587;EXC
4588;EXC
4589;EXC
4590;EXC
4591;EXC
4592;EXC
4593;EXC
4594;EXC
4595;EXC
4596;EXC
4597;EXC
4598;EXC
4599;EXC
4600;EXC
4601;EXC
4602;EXC
4603;EXC
4604;EXC
4605;EXC
4606;EXC
4607;EXC
4608;EXC
4609;EXC
4610;EXC
4611;EXC
4612;EXC
4613;EXC
4614;EXC
4615;EXC
4616;EXC
4617;EXC
4618;EXC
4619;EXC
4620;EXC
4621;EXC
4622;EXC
4623;EXC
4624;EXC
4625;EXC
4626;EXC
4627;EXC
4628;EXC
4629;EXC
4630;EXC
4631;EXC
4632;EXC
4633;EXC
4634;EXC
4635;EXC
4636;EXC
4637;EXC
4638;EXC
4639;EXC
4640;EXC
4641;EXC
4642;EXC
4643;EXC
4644;EXC
4645;EXC
4646;EXC
4647;EXC
4648;EXC
4649;EXC
4650;EXC
4651;EXC
4652;EXC
4653;EXC
4654;EXC
4655;EXC
4656;EXC
4657;EXC
4658;EXC
4659;EXC
4660;EXC
4661;EXC
4662;EXC
4663;EXC
4664;EXC
4665;EXC
4666;EXC
4667;EXC
4668;EXC
4669;EXC
4670;EXC
4671;EXC
4672;EXC
4673;EXC
4674;EXC
4675;EXC
4676;EXC
4677;EXC
4678;EXC
4679;EXC
4680;EXC
4681;EXC
4682;EXC
4683;EXC
4684;EXC
4685;EXC
4686;EXC
4687;EXC
4688;EXC
4689;EXC
4690;EXC
4691;EXC
4692;EXC
4693;EXC
4694;EXC
4695;FAIL
4700;LIVE
4701;EXC
4702;EXC
4703;EXC
4704;EXC
4705;EXC
4706;EXC
4707;EXC
4708;EXC
4709;EXC
4710;EXC
4711;EXC
4712;EXC
4713;EXC
4714;EXC
4715;EXC
4716;EXC
4717;EXC
4718;EXC
4719;EXC
4720;FAIL
4721;FAIL
4722;EXC
4723;EXC
4724;EXC
4725;EXC
4726;EXC
4727;EXC
4728;EXC
4729;EXC
4730;EXC
4731;EXC
4732;EXC
4733;EXC
4734;FAIL
4735;EXC
4736;TIME
4737;TIME
4738;EXC
4739;EXC
4740;EXC
4741;EXC
4742;EXC
4743;EXC
4744;EXC
4745;EXC
4746;FAIL
4747;EXC
4748;EXC
4749;EXC
4750;EXC
4751;EXC
4752;EXC
4753;EXC
4754;EXC
4755;EXC
4756;EXC
4757;EXC
4758;EXC
4759;EXC
4760;EXC
4761;EXC
4762;EXC
4763;EXC
4764;EXC
4765;EXC
4766;EXC
4767;EXC
4768;EXC
4769;EXC
4770;EXC
4771;EXC
4772;EXC
4773;EXC
4774;EXC
4775;EXC
4776;EXC
4777;EXC
4778;EXC
4779;EXC
4782;EXC
4783;EXC
4784;EXC
4785;EXC
4786;EXC
4787;EXC
4788;EXC
4789;EXC
4790;EXC
4791;EXC
4792;FAIL
4793;FAIL
4794;EXC
4795;EXC
4796;EXC
4797;EXC
4798;EXC
4799;EXC
4800;EXC
4801;EXC
4802;EXC
4803;EXC
4804;EXC
4805;EXC
4806;FAIL
4807;EXC
4808;TIME
4809;TIME
4810;EXC
4811;EXC
4812;EXC
4813;EXC
4814;EXC
4815;EXC
4816;EXC
4817;EXC
4818;FAIL
4819;EXC
4820;EXC
4821;EXC
4822;EXC
4823;EXC
4824;EXC
4825;EXC
4826;EXC
4827;EXC
4828;EXC
4829;EXC
4830;EXC
4831;EXC
4832;EXC
4833;EXC
4834;EXC
4835;EXC
4836;EXC
4837;EXC
4838;EXC
4839;EXC
4840;EXC
4841;EXC
4842;EXC
4843;EXC
4844;EXC
4845;EXC
4846;EXC
4847;EXC
4848;EXC
4849;EXC
4850;EXC
4851;EXC
4854;EXC
4855;EXC
4856;EXC
4857;EXC
4858;EXC
4875;EXC
4876;EXC
4877;EXC
4878;EXC
4879;EXC
4883;EXC
4884;EXC
4888;EXC
4889;EXC
4890;EXC
4891;EXC
4892;EXC
4907;EXC
4908;EXC
4909;EXC
4910;EXC
4911;EXC
4912;EXC
4913;EXC
4914;EXC
4915;EXC
4916;EXC
4917;EXC
4918;EXC
4919;EXC
4920;EXC
4921;EXC
4922;EXC
4923;EXC
4924;EXC
4925;EXC
4926;EXC
4927;EXC
4928;EXC
4929;EXC
4930;EXC
4931;EXC
4932;EXC
4933;EXC
4934;EXC
4935;EXC
4936;EXC
4937;EXC
4938;EXC
4939;EXC
4940;EXC
4941;EXC
4942;EXC
4943;EXC
4944;EXC
4945;EXC
4946;EXC
4947;EXC
4948;EXC
4949;EXC
4950;EXC
4951;EXC
4952;EXC
4953;EXC
4954;EXC
4955;EXC
4956;EXC
4957;EXC
4958;EXC
4959;EXC
4960;EXC
4961;EXC
4962;EXC
4963;EXC
4964;EXC
4965;EXC
4966;EXC
4967;EXC
4968;EXC
4969;EXC
4970;EXC
4971;EXC
4972;EXC
4973;EXC
4974;EXC
4975;EXC
4976;EXC
4977;EXC
4978;EXC
4979;EXC
4980;EXC
4981;EXC
4982;EXC
4983;EXC
4984;EXC
4985;EXC
4986;EXC
4987;EXC
4988;EXC
4989;EXC
4990;EXC
4991;EXC
4992;EXC
4993;EXC
4994;EXC
4995;EXC
4996;EXC
4999;EXC
5000;EXC
5001;EXC
5002;EXC
5003;EXC
5004;EXC
5005;EXC
5006;EXC
5007;EXC
5008;EXC
5009;EXC
5010;EXC
5011;EXC
5012;EXC
5254;EXC
5255;EXC
5256;EXC
5257;EXC
5258;EXC
5259;EXC
5260;EXC
5261;EXC
5262;EXC
5263;EXC
5264;EXC
5265;EXC
5266;EXC
5267;EXC
5268;EXC
5269;EXC
5270;EXC
5271;EXC
5272;EXC
5273;EXC
5274;EXC
5275;EXC
5276;EXC
5277;EXC
5278;EXC
5279;EXC
5280;EXC
5281;EXC
5282;EXC
5284;EXC
5285;EXC
5286;EXC
5287;EXC
5288;EXC
5294;EXC
5295;EXC
5296;EXC
5297;EXC
5298;EXC
5299;EXC
5300;EXC
5301;EXC
5302;EXC
5303;EXC
5304;EXC
5305;EXC
5306;EXC
5307;EXC
5308;EXC
5309;EXC
5310;EXC
5311;EXC
5312;EXC
5314;EXC
5315;EXC
5316;EXC
5317;EXC
5318;EXC
5319;EXC
5320;EXC
5321;EXC
5322;EXC
5323;EXC
5324;EXC
5326;EXC
5327;EXC
5328;EXC
5330;EXC
5331;EXC
5332;EXC
5333;EXC
5335;EXC
5336;EXC
5337;EXC
5338;EXC
5339;EXC
5340;EXC
5341;EXC
5342;EXC
5343;EXC
5344;EXC
5345;EXC
5346;EXC
5347;EXC
5348;EXC
5349;EXC
5350;EXC
5351;EXC
5352;EXC
5353;EXC
5354;EXC
5355;EXC
5356;EXC
5357;EXC
5358;EXC
5359;EXC
5360;EXC
5361;EXC
5362;EXC
5363;EXC
5364;EXC
5365;EXC
5366;EXC
5367;EXC
5368;EXC
5369;EXC
5370;EXC
5371;EXC
5372;EXC
5373;EXC
5374;EXC
5375;EXC
5376;EXC
5377;EXC
5378;EXC
5379;EXC
5380;EXC
5381;EXC
5382;EXC
5383;EXC
5384;EXC
5385;EXC
5386;EXC
5387;EXC
5392;EXC
5393;EXC
5394;EXC
5395;EXC
5396;EXC
5397;EXC
5398;EXC
5399;EXC
5400;EXC
5401;EXC
5402;EXC
5403;EXC
5404;EXC
5405;EXC
5406;EXC
5407;EXC
5408;EXC
5409;EXC
5410;EXC
5411;EXC
5412;EXC
5413;EXC
5414;EXC
5415;EXC
5416;EXC
5417;EXC
5418;EXC
5419;EXC
5420;EXC
5421;EXC
5422;EXC
5423;EXC
5424;EXC
5425;EXC
5426;EXC
5427;EXC
5428;EXC
5429;EXC
5430;EXC
5431;EXC
5432;EXC
5433;EXC
5434;EXC
5435;EXC
5436;EXC
5437;EXC
5438;EXC
5439;EXC
5440;EXC
5441;EXC
5442;EXC
5443;EXC
5444;EXC
5445;EXC
5446;EXC
5447;EXC
5448;EXC
5449;EXC
5450;EXC
5451;EXC
5452;EXC
5453;EXC
5454;EXC
5455;EXC
5456;EXC
5457;EXC
5458;EXC
5459;EXC
5460;EXC
5461;EXC
5462;EXC
5463;EXC
5464;EXC
5465;EXC
5466;EXC
5467;EXC
5468;EXC
5469;EXC
5470;EXC
5471;EXC
5472;EXC
5473;EXC
5474;EXC
5475;EXC
5476;EXC
5477;EXC
5478;EXC
5479;EXC
5480;EXC
5481;EXC
5482;EXC
5483;EXC
5484;EXC
5485;EXC
5486;EXC
5487;EXC
5488;EXC
5489;EXC
5490;EXC
5491;EXC
5492;EXC
5493;EXC
5494;EXC
5495;EXC
5496;EXC
5497;EXC
5498;EXC
5499;EXC
5500;EXC
5501;EXC
5502;EXC
5503;EXC
5504;EXC
5505;EXC
5506;EXC
5507;EXC
5508;EXC
5509;EXC
5510;EXC
5519;EXC
5520;EXC
5521;EXC
5523;EXC
5524;EXC
5525;EXC
5526;EXC
5527;EXC
5528;EXC
5529;EXC
5530;EXC
5531;EXC
5532;EXC
5533;EXC
5534;EXC
5535;EXC
5536;EXC
5537;EXC
5538;EXC
5539;EXC
5540;EXC
5541;EXC
5542;EXC
5543;EXC
5544;EXC
5545;EXC
5546;EXC
5547;EXC
5548;EXC
5549;EXC
5550;EXC
5551;EXC
5552;EXC
5553;EXC
5554;EXC
5555;EXC
5556;EXC
5557;EXC
5558;EXC
5559;EXC
5560;EXC
5561;EXC
5562;EXC
5563;EXC
5564;EXC
5565;EXC
5566;EXC
5567;EXC
5568;EXC
5569;EXC
5570;EXC
5571;EXC
5572;EXC
5573;EXC
5574;EXC
5575;EXC
5576;EXC
5577;EXC
5578;EXC
5579;EXC
5580;EXC
5581;EXC
5582;EXC
5583;EXC
5584;EXC
5585;EXC
5586;EXC
5587;EXC
5588;EXC
5589;EXC
5590;EXC
5591;EXC
5592;EXC
5593;EXC
5594;EXC
5595;EXC
5596;EXC
5597;EXC
5598;EXC
5599;EXC
5600;EXC
5601;EXC
5602;EXC
5603;EXC
5604;EXC
5605;EXC
5606;EXC
5607;EXC
5608;EXC
5609;EXC
5610;EXC
5611;EXC
5612;EXC
5613;EXC
5614;EXC
5615;EXC
5616;EXC
5617;EXC
5618;EXC
5619;EXC
5620;EXC
5621;EXC
5622;EXC
5623;EXC
5624;EXC
5625;EXC
5626;EXC
5627;EXC
5628;EXC
5629;EXC
5630;EXC
5631;EXC
5632;EXC
5633;EXC
5634;EXC
5635;EXC
5636;EXC
5637;EXC
5638;EXC
5639;EXC
5640;EXC
5641;EXC
5642;EXC
5643;EXC
5644;EXC
5645;EXC
5646;EXC
5647;EXC
5648;EXC
5649;EXC
5650;EXC
5651;EXC
5652;EXC
5653;EXC
5654;EXC
5655;EXC
5656;EXC
5657;EXC
5658;EXC
5659;EXC
5660;EXC
5661;EXC
5662;EXC
5663;EXC
5664;EXC
5665;EXC
5666;EXC
5667;EXC
5668;EXC
5669;EXC
5670;EXC
5671;EXC
5672;EXC
5673;EXC
5674;EXC
5675;EXC
5676;EXC
5677;EXC
5678;EXC
5679;EXC
5680;EXC
5681;EXC
5682;EXC
5683;EXC
5684;EXC
5685;EXC
5686;EXC
5687;EXC
5688;EXC
5689;EXC
5695;EXC
5696;EXC
5697;EXC
5698;EXC
5699;EXC
5700;EXC
5701;EXC
5702;EXC
5703;EXC
5704;EXC
5705;EXC
5706;EXC
5707;EXC
5708;EXC
5709;EXC
5710;EXC
5711;EXC
5712;EXC
5713;EXC
5714;EXC
5715;EXC
5716;EXC
5717;EXC
5718;EXC
5719;EXC
5720;EXC
5721;EXC
5722;EXC
5723;EXC
5724;EXC
5725;EXC
5726;EXC
5727;EXC
5728;EXC
5729;EXC
5730;EXC
5731;EXC
5732;EXC
5733;EXC
5734;EXC
5735;EXC
5736;EXC
5737;EXC
5738;EXC
5739;EXC
5740;EXC
5741;EXC
5742;EXC
5743;EXC
5744;EXC
5745;EXC
5746;EXC
5747;EXC
5748;EXC
5749;EXC
5750;EXC
5751;EXC
5752;EXC
5753;EXC
5754;EXC
5755;EXC
5756;EXC
5757;EXC
5758;EXC
5759;EXC
5760;EXC
5761;EXC
5762;EXC
5763;EXC
5764;EXC
5765;EXC
5766;EXC
5767;EXC
5768;EXC
5771;EXC
5772;EXC
5773;EXC
5774;EXC
5775;EXC
5776;EXC
5777;EXC
5778;EXC
5779;EXC
5780;EXC
5781;EXC
5782;EXC
5783;EXC
5784;EXC
5785;EXC
5786;EXC
5787;EXC
5788;EXC
5789;EXC
5790;EXC
5791;EXC
5792;EXC
5793;EXC
5794;EXC
5795;EXC
5796;EXC
5797;EXC
5798;EXC
5799;EXC
5800;EXC
5801;EXC
5802;EXC
5803;EXC
5804;EXC
5805;EXC
5806;EXC
5807;EXC
5808;EXC
5809;EXC
5810;EXC
5811;EXC
5812;EXC
5813;EXC
5814;EXC
5815;EXC
5816;EXC
5817;EXC
5818;EXC
5819;EXC
5820;EXC
5821;EXC
5822;EXC
5823;EXC
5824;EXC
5825;EXC
5826;EXC
5827;EXC
5828;EXC
5829;EXC
5830;EXC
5831;EXC
5832;EXC
5833;EXC
5834;EXC
5835;EXC
5836;EXC
5837;EXC
5838;EXC
5839;EXC
5840;EXC
5841;EXC
5842;EXC
5843;EXC
5844;EXC
5845;EXC
5846;EXC
5847;EXC
5848;EXC
5849;EXC
5850;EXC
5851;EXC
5852;EXC
5853;EXC
5854;EXC
5855;EXC
5856;EXC
5857;EXC
5858;EXC
5859;EXC
5860;EXC
5861;EXC
5862;EXC
5863;EXC
5864;EXC
5865;EXC
5866;EXC
5867;EXC
5868;EXC
5869;EXC
5870;EXC
5871;EXC
5872;EXC
5873;EXC
5874;EXC
5875;EXC
5876;EXC
5877;EXC
5878;EXC
5879;EXC
5880;EXC
5881;EXC
5882;EXC
5883;EXC
5884;EXC
5885;EXC
5886;EXC
5887;EXC
5888;EXC
5889;EXC
5890;EXC
5891;EXC
5892;EXC
5893;EXC
5894;EXC
5895;EXC
5896;EXC
5900;EXC
5901;EXC
5902;EXC
5903;EXC
5904;EXC
5905;EXC
5906;EXC
5907;EXC
5908;EXC
5909;EXC
5910;EXC
5911;EXC
5912;EXC
5913;EXC
5914;EXC
5915;EXC
5916;EXC
5917;EXC
5918;EXC
5919;EXC
5920;EXC
5921;EXC
5922;EXC
5923;EXC
5924;EXC
5925;EXC
5926;EXC
5927;EXC
5928;EXC
5929;EXC
5939;EXC
5940;EXC
5941;EXC
5942;EXC
5943;EXC
5944;EXC
5945;EXC
5946;EXC
5947;EXC
5948;EXC
5949;EXC
5950;EXC
5951;EXC
5952;EXC
5953;EXC
5954;EXC
5955;EXC
5956;EXC
5957;EXC
5958;EXC
5959;EXC
5960;EXC
5962;EXC
5963;EXC
5964;EXC
5965;EXC
5966;FAIL
5967;TIME
5968;FAIL
5969;EXC
5970;EXC
5971;FAIL
5972;EXC
5973;EXC
5974;FAIL
5975;EXC
5976;EXC
5977;FAIL
5978;FAIL
5979;EXC
5980;TIME
5981;TIME
5982;TIME
5983;FAIL
5984;EXC
5985;EXC
5986;FAIL
5987;FAIL
5988;FAIL
5989;FAIL
5990;FAIL
5991;EXC
5992;FAIL
5993;EXC
5994;EXC
5995;FAIL
5996;EXC
5997;FAIL
5998;EXC
5999;EXC
6000;FAIL
6001;EXC
6002;EXC
6003;FAIL
6004;EXC
6005;EXC
6006;EXC
6007;EXC
6008;EXC
6009;EXC
6010;EXC
6011;EXC
6012;EXC
6013;EXC
6014;EXC
6015;EXC
6016;EXC
6017;EXC
6018;EXC
6019;EXC
6020;EXC
6021;EXC
6022;EXC
6023;EXC
6024;EXC
6025;EXC
6026;EXC
6027;EXC
6028;EXC
6029;EXC
6030;EXC
6031;EXC
6032;EXC
6033;EXC
6034;EXC
6035;EXC
6036;EXC
6037;EXC
6038;EXC
6039;EXC
6040;EXC
6041;EXC
6042;EXC
6043;EXC
6044;EXC
6045;EXC
6046;EXC
6047;EXC
6048;EXC
6049;EXC
6050;FAIL
6051;FAIL
6052;FAIL
6053;FAIL
6054;EXC
6055;EXC
6056;EXC
6057;EXC
6058;FAIL
6059;TIME
6060;EXC
6061;TIME
6062;FAIL
6063;EXC
6064;TIME
6065;EXC
6066;EXC
6067;EXC
6068;EXC
6069;EXC
6070;EXC
6071;FAIL
6072;EXC
6073;EXC
6074;FAIL
6075;FAIL
6076;TIME
6077;FAIL
6078;FAIL
6079;EXC
6080;FAIL
6081;EXC
6082;EXC
6083;EXC
6084;FAIL
6085;FAIL
6086;FAIL
6087;FAIL
6088;FAIL
6089;LIVE
6090;LIVE
6091;LIVE
6092;LIVE
6093;LIVE
6094;LIVE
6095;FAIL
6096;LIVE
6097;FAIL
6098;FAIL
6099;EXC
6100;FAIL
6101;FAIL
6102;EXC
6103;EXC
6104;EXC
6105;EXC
6106;EXC
6107;EXC
6108;EXC
6109;EXC
6110;EXC
6111;EXC
6112;EXC
6113;EXC
6114;FAIL
6115;EXC
6116;EXC
6117;EXC
6118;FAIL
6119;FAIL
6120;FAIL
6121;FAIL
6122;EXC
6123;EXC
6124;EXC
6125;TIME
6126;EXC
6127;TIME
6128;EXC
6129;EXC
6130;EXC
6131;EXC
6132;EXC
6133;EXC
6134;EXC
6135;EXC
6136;EXC
6137;EXC
6138;EXC
6139;EXC
6140;EXC
6141;EXC
6142;EXC
6143;EXC
6144;EXC
6145;FAIL
6146;LIVE
6147;LIVE
6148;LIVE
6149;FAIL
6150;LIVE
6151;FAIL
6152;EXC
6153;FAIL
6154;FAIL
6155;LIVE
6156;LIVE
6157;LIVE
6158;FAIL
6159;LIVE
6160;EXC
6161;EXC
6162;EXC
6163;FAIL
6164;EXC
6165;FAIL
6166;FAIL
6167;FAIL
6168;FAIL
6169;FAIL
6170;FAIL
6171;FAIL
6172;FAIL
6173;EXC
6174;EXC
6175;FAIL
6176;EXC
6177;EXC
6178;EXC
6179;EXC
6180;EXC
6181;EXC
6182;EXC
6183;EXC
6184;EXC
6185;EXC
6186;EXC
6187;EXC
6188;EXC
6189;FAIL
6190;EXC
6192;EXC
6193;FAIL
6194;EXC
6196;EXC
6197;EXC
6198;EXC
6199;EXC
6200;EXC
6201;EXC
6202;EXC
6203;EXC
6204;EXC
6205;EXC
6206;EXC
6207;EXC
6208;EXC
6209;EXC
6210;EXC
6211;EXC
6212;EXC
6213;EXC
6214;EXC
6215;EXC
6216;EXC
6217;EXC
6218;EXC
6219;EXC
6220;EXC
6221;EXC
6222;EXC
6228;EXC
6229;EXC
6230;EXC
6231;EXC
6232;EXC
6233;EXC
6234;EXC
6235;EXC
6236;EXC
6237;EXC
6238;EXC
6239;EXC
6240;EXC
6241;EXC
6242;EXC
6243;EXC
6244;EXC
6245;EXC
6246;EXC
6247;EXC
6248;EXC
6249;EXC
6250;EXC
6251;EXC
6252;EXC
6256;FAIL
6261;FAIL
6262;LIVE
6266;EXC
6269;EXC
6270;EXC
6271;EXC
6272;EXC
6273;EXC
6274;EXC
6275;EXC
6276;EXC
6277;EXC
6288;EXC
6290;EXC
6291;EXC
6292;EXC
6293;EXC
6295;EXC
6296;EXC
6297;EXC
6298;EXC
6299;EXC
6300;EXC
6301;EXC
6302;EXC
6303;EXC
6304;EXC
6321;EXC
6322;EXC
6349;EXC
6350;EXC
6351;EXC
6352;EXC
6353;EXC
6354;EXC
6364;EXC
6365;EXC
6366;EXC
6367;EXC
6368;EXC
6369;EXC
6371;EXC
6372;EXC
6373;EXC
6375;EXC
6376;EXC
6377;EXC
6378;EXC
6379;EXC
6380;EXC
6382;EXC
6383;EXC
6384;EXC
6390;EXC
6391;EXC
6392;EXC
6393;EXC
6394;FAIL
6395;FAIL
6396;FAIL
6397;EXC
6398;EXC
6399;EXC
6400;EXC
6401;EXC
6402;EXC
6403;EXC
6404;EXC
6405;EXC
6406;EXC
6407;EXC
6408;EXC
6409;EXC
6410;EXC
6413;EXC
6415;EXC
6416;EXC
6417;EXC
6418;EXC
6419;EXC
6420;EXC
6421;EXC
6422;EXC
6423;EXC
6424;EXC
6425;EXC
6426;EXC
6427;EXC
6428;EXC
6429;EXC
6430;EXC
6431;EXC
6432;EXC
6433;EXC
6434;EXC
6435;EXC
6436;EXC
6437;EXC
6438;EXC
6439;EXC
6440;EXC
6441;EXC
6442;EXC
6443;EXC
6444;EXC
6445;EXC
6446;EXC
6447;EXC
6448;EXC
6449;EXC
6450;EXC
6451;EXC
6452;EXC
6453;EXC
6454;EXC
6455;EXC
6456;EXC
6457;EXC
6458;EXC
6459;EXC
6460;EXC
6461;EXC
6463;EXC
6468;EXC
6469;EXC
6470;EXC
6471;EXC
6472;EXC
6473;EXC
6474;EXC
6475;EXC
6476;EXC
6477;EXC
6478;EXC
6479;EXC
6480;EXC
6481;EXC
6482;EXC
6483;EXC
6484;EXC
6485;EXC
6486;EXC
6487;EXC
6488;EXC
6489;EXC
6493;EXC
6494;EXC
6495;EXC
6496;EXC
6497;EXC
6498;EXC
6499;EXC
6500;EXC
6510;EXC
6511;EXC
6512;EXC
6513;EXC
6514;EXC
6515;EXC
6516;EXC
6517;EXC
6518;EXC
6519;EXC
6521;EXC
